{
	"format_version": "1.8.0",
	"animations": {
		"animation.su25.gear": {
			"loop": "hold_on_last_frame",
			"animation_length": 4,
			"bones": {
				"ty": {
					"rotation": {
						"0.0": [0, 0, 0],
						"2.0": [70, 0, 0]
					}
				},
				"whel": {
					"rotation": {
						"0.0": [0, 0, 0],
						"4.0": [720, 0, 0]
					}
				},
				"ot": {
					"rotation": {
						"0.0": [0, 0, 0],
						"2.0": [0, 0, 0],
						"3.0": [0, 0, -90]
					}
				},
				"ot2": {
					"rotation": {
						"0.0": [0, 0, 0],
						"2.0": [0, 0, 0],
						"3.0": [0, 0, 90]
					}
				},
				"ot3": {
					"rotation": {
						"0.0": [0, 0, 0],
						"2.0": [0, 0, 0],
						"3.0": [0, 0, 90]
					}
				},
				"ty2": {
					"rotation": {
						"0.0": [0, 0, 0],
						"1.1667": [-123.4015, 9.99839, -11.08805],
						"2.0": [-123.4015, 9.99839, -11.08805],
						"4.0": [-125.9015, 9.99839, -11.08805]
					}
				},
				"whel2": {
					"rotation": {
						"0.0": [0, 0, 0],
						"2.0": [720, 0, 0]
					}
				},
				"ty3": {
					"rotation": {
						"0.0": [0, 0, 0],
						"2.0": [-123.40659, -12.60837, 8.19252],
						"4.0": [-125.90659, -12.60837, 8.19252]
					}
				},
				"whel3": {
					"rotation": {
						"0.0": [0, 0, 0],
						"2.0": [720, 0, 0]
					}
				},
				"bone": {
					"rotation": {
						"0.0": [0, 0, 0],
						"2.0": [0, 0, 0],
						"3.0": [0, 0, 90]
					}
				}
			}
		},
		"animation.su25.idle": {
			"animation_length": 0.25
		}
	}
}